findt_1, ,cleart_1,
16.5344, ,1.50813,
32.9261, ,3.02592,
85.2257, ,7.58226,
131.035, ,12.0198,
162.147, ,14.8181,
324.394, ,29.5433,
