findt_1, ,cleart_1,
1.07619, ,0.560705,
2.07426, ,1.06281,
5.11008, ,2.62957,
8.0924, ,4.1861,
10.0463, ,5.23119,
20.2739, ,10.4859,
